{
  "mysql": {
    "host": "192.168.1.6",
    "user": "root",
    "password": "root",
    "database": "demo",
    "port": 3306,
    "connectionLimit": 50,
    "acquireTimeout": 10000,
    "charset": "utf8",
    "db_prefix": "bs_"
  },
  "mongodb": {
    "db_type": "mongodb",
    "db_host": [
      "192.168.1.6:27017"
    ],
    "db_name": "demo",
    "db_replica_set": ""
  },
  "redis": {
    "cluster": false,
    "connect_info": [
      {
        "port": 6379,
        "host": "192.168.1.6"
      }
    ]
  }
}