<?xml version="1.0" encoding="UTF-8"?>
<!DOCTYPE mapper PUBLIC "-//mybatis.org//DTD Mapper 3.0//EN" "http://mybatis.org/dtd/mybatis-3-mapper.dtd">

<mapper namespace="com.dao.BanchengpinxiaoliangDao">

	<!-- 可根据自己的需求，是否要使用 -->
    <resultMap type="com.entity.BanchengpinxiaoliangEntity" id="banchengpinxiaoliangMap">
        <result property="tongjibianhao" column="tongjibianhao"/>
        <result property="chengpinmingcheng" column="chengpinmingcheng"/>
        <result property="chengpinxiaoliang" column="chengpinxiaoliang"/>
        <result property="dengjiriqi" column="dengjiriqi"/>
        <result property="beizhu" column="beizhu"/>
    </resultMap>

	<select id="selectListVO"
		resultType="com.entity.vo.BanchengpinxiaoliangVO" >
		SELECT * FROM banchengpinxiaoliang  banchengpinxiaoliang         
        <where> 1=1 ${ew.sqlSegment}</where>
	</select>
	
	<select id="selectVO"
		resultType="com.entity.vo.BanchengpinxiaoliangVO" >
		SELECT  banchengpinxiaoliang.* FROM banchengpinxiaoliang  banchengpinxiaoliang
 		<where> 1=1 ${ew.sqlSegment}</where>
	</select>

    <select id="selectListView"
		resultType="com.entity.view.BanchengpinxiaoliangView" >

		SELECT  banchengpinxiaoliang.* FROM banchengpinxiaoliang  banchengpinxiaoliang 	        
        <where> 1=1 ${ew.sqlSegment}</where>
	</select>
	
	<select id="selectView"
		resultType="com.entity.view.BanchengpinxiaoliangView" >
		SELECT * FROM banchengpinxiaoliang  banchengpinxiaoliang <where> 1=1 ${ew.sqlSegment}</where>
	</select>
	

	
</mapper>
