<?xml version="1.0" encoding="UTF-8"?>
<!DOCTYPE mapper PUBLIC "-//mybatis.org//DTD Mapper 3.0//EN" "http://mybatis.org/dtd/mybatis-3-mapper.dtd">

<mapper namespace="com.dao.BumenxinxiDao">

	<!-- 可根据自己的需求，是否要使用 -->
    <resultMap type="com.entity.BumenxinxiEntity" id="bumenxinxiMap">
        <result property="bumenbianhao" column="bumenbianhao"/>
        <result property="bumenmingcheng" column="bumenmingcheng"/>
        <result property="bumenrenshu" column="bumenrenshu"/>
        <result property="bumendianhua" column="bumendianhua"/>
        <result property="bumenjieshao" column="bumenjieshao"/>
    </resultMap>

	<select id="selectListVO"
		resultType="com.entity.vo.BumenxinxiVO" >
		SELECT * FROM bumenxinxi  bumenxinxi         
        <where> 1=1 ${ew.sqlSegment}</where>
	</select>
	
	<select id="selectVO"
		resultType="com.entity.vo.BumenxinxiVO" >
		SELECT  bumenxinxi.* FROM bumenxinxi  bumenxinxi
 		<where> 1=1 ${ew.sqlSegment}</where>
	</select>

    <select id="selectListView"
		resultType="com.entity.view.BumenxinxiView" >

		SELECT  bumenxinxi.* FROM bumenxinxi  bumenxinxi 	        
        <where> 1=1 ${ew.sqlSegment}</where>
	</select>
	
	<select id="selectView"
		resultType="com.entity.view.BumenxinxiView" >
		SELECT * FROM bumenxinxi  bumenxinxi <where> 1=1 ${ew.sqlSegment}</where>
	</select>
	

	
</mapper>
