<?xml version="1.0" encoding="UTF-8"?>
<!DOCTYPE mapper PUBLIC "-//mybatis.org//DTD Mapper 3.0//EN" "http://mybatis.org/dtd/mybatis-3-mapper.dtd">

<mapper namespace="com.dao.ChengpinkucunDao">

	<!-- 可根据自己的需求，是否要使用 -->
    <resultMap type="com.entity.ChengpinkucunEntity" id="chengpinkucunMap">
        <result property="chengpinbianhao" column="chengpinbianhao"/>
        <result property="chengpinmingcheng" column="chengpinmingcheng"/>
        <result property="chengpinleibie" column="chengpinleibie"/>
        <result property="shuliang" column="shuliang"/>
        <result property="chengpinxiangqing" column="chengpinxiangqing"/>
        <result property="dengjiriqi" column="dengjiriqi"/>
        <result property="clicktime" column="clicktime"/>
        <result property="clicknum" column="clicknum"/>
    </resultMap>

	<select id="selectListVO"
		resultType="com.entity.vo.ChengpinkucunVO" >
		SELECT * FROM chengpinkucun  chengpinkucun         
        <where> 1=1 ${ew.sqlSegment}</where>
	</select>
	
	<select id="selectVO"
		resultType="com.entity.vo.ChengpinkucunVO" >
		SELECT  chengpinkucun.* FROM chengpinkucun  chengpinkucun
 		<where> 1=1 ${ew.sqlSegment}</where>
	</select>

    <select id="selectListView"
		resultType="com.entity.view.ChengpinkucunView" >

		SELECT  chengpinkucun.* FROM chengpinkucun  chengpinkucun 	        
        <where> 1=1 ${ew.sqlSegment}</where>
	</select>
	
	<select id="selectView"
		resultType="com.entity.view.ChengpinkucunView" >
		SELECT * FROM chengpinkucun  chengpinkucun <where> 1=1 ${ew.sqlSegment}</where>
	</select>
	

	
</mapper>
