<?xml version="1.0" encoding="UTF-8"?>
<!DOCTYPE mapper PUBLIC "-//mybatis.org//DTD Mapper 3.0//EN" "http://mybatis.org/dtd/mybatis-3-mapper.dtd">

<mapper namespace="com.dao.ChengpinxinxiDao">

	<!-- 可根据自己的需求，是否要使用 -->
    <resultMap type="com.entity.ChengpinxinxiEntity" id="chengpinxinxiMap">
        <result property="chengpinbianhao" column="chengpinbianhao"/>
        <result property="chengpinmingcheng" column="chengpinmingcheng"/>
        <result property="chengpinleixing" column="chengpinleixing"/>
        <result property="chanliang" column="chanliang"/>
        <result property="shoujia" column="shoujia"/>
        <result property="dengjiriqi" column="dengjiriqi"/>
        <result property="chengpinxiangqing" column="chengpinxiangqing"/>
        <result property="clicktime" column="clicktime"/>
        <result property="clicknum" column="clicknum"/>
    </resultMap>

	<select id="selectListVO"
		resultType="com.entity.vo.ChengpinxinxiVO" >
		SELECT * FROM chengpinxinxi  chengpinxinxi         
        <where> 1=1 ${ew.sqlSegment}</where>
	</select>
	
	<select id="selectVO"
		resultType="com.entity.vo.ChengpinxinxiVO" >
		SELECT  chengpinxinxi.* FROM chengpinxinxi  chengpinxinxi
 		<where> 1=1 ${ew.sqlSegment}</where>
	</select>

    <select id="selectListView"
		resultType="com.entity.view.ChengpinxinxiView" >

		SELECT  chengpinxinxi.* FROM chengpinxinxi  chengpinxinxi 	        
        <where> 1=1 ${ew.sqlSegment}</where>
	</select>
	
	<select id="selectView"
		resultType="com.entity.view.ChengpinxinxiView" >
		SELECT * FROM chengpinxinxi  chengpinxinxi <where> 1=1 ${ew.sqlSegment}</where>
	</select>
	

	
</mapper>
