<?xml version="1.0" encoding="UTF-8"?>
<!DOCTYPE mapper PUBLIC "-//mybatis.org//DTD Mapper 3.0//EN" "http://mybatis.org/dtd/mybatis-3-mapper.dtd">

<mapper namespace="com.dao.FeiliaokucunDao">

	<!-- 可根据自己的需求，是否要使用 -->
    <resultMap type="com.entity.FeiliaokucunEntity" id="feiliaokucunMap">
        <result property="feiliaobianhao" column="feiliaobianhao"/>
        <result property="feiliaomingcheng" column="feiliaomingcheng"/>
        <result property="feiliaoleibie" column="feiliaoleibie"/>
        <result property="shuliang" column="shuliang"/>
        <result property="feiliaoxiangqing" column="feiliaoxiangqing"/>
        <result property="dengjiriqi" column="dengjiriqi"/>
        <result property="clicktime" column="clicktime"/>
        <result property="clicknum" column="clicknum"/>
    </resultMap>

	<select id="selectListVO"
		resultType="com.entity.vo.FeiliaokucunVO" >
		SELECT * FROM feiliaokucun  feiliaokucun         
        <where> 1=1 ${ew.sqlSegment}</where>
	</select>
	
	<select id="selectVO"
		resultType="com.entity.vo.FeiliaokucunVO" >
		SELECT  feiliaokucun.* FROM feiliaokucun  feiliaokucun
 		<where> 1=1 ${ew.sqlSegment}</where>
	</select>

    <select id="selectListView"
		resultType="com.entity.view.FeiliaokucunView" >

		SELECT  feiliaokucun.* FROM feiliaokucun  feiliaokucun 	        
        <where> 1=1 ${ew.sqlSegment}</where>
	</select>
	
	<select id="selectView"
		resultType="com.entity.view.FeiliaokucunView" >
		SELECT * FROM feiliaokucun  feiliaokucun <where> 1=1 ${ew.sqlSegment}</where>
	</select>
	

	
</mapper>
