<?xml version="1.0" encoding="UTF-8"?>
<!DOCTYPE mapper PUBLIC "-//mybatis.org//DTD Mapper 3.0//EN" "http://mybatis.org/dtd/mybatis-3-mapper.dtd">

<mapper namespace="com.dao.JiagongguochengDao">

	<!-- 可根据自己的需求，是否要使用 -->
    <resultMap type="com.entity.JiagongguochengEntity" id="jiagongguochengMap">
        <result property="dengjibianhao" column="dengjibianhao"/>
        <result property="jiagongleixing" column="jiagongleixing"/>
        <result property="guocheng" column="guocheng"/>
        <result property="dengjiriqi" column="dengjiriqi"/>
        <result property="gonghao" column="gonghao"/>
        <result property="xingming" column="xingming"/>
    </resultMap>

	<select id="selectListVO"
		resultType="com.entity.vo.JiagongguochengVO" >
		SELECT * FROM jiagongguocheng  jiagongguocheng         
        <where> 1=1 ${ew.sqlSegment}</where>
	</select>
	
	<select id="selectVO"
		resultType="com.entity.vo.JiagongguochengVO" >
		SELECT  jiagongguocheng.* FROM jiagongguocheng  jiagongguocheng
 		<where> 1=1 ${ew.sqlSegment}</where>
	</select>

    <select id="selectListView"
		resultType="com.entity.view.JiagongguochengView" >

		SELECT  jiagongguocheng.* FROM jiagongguocheng  jiagongguocheng 	        
        <where> 1=1 ${ew.sqlSegment}</where>
	</select>
	
	<select id="selectView"
		resultType="com.entity.view.JiagongguochengView" >
		SELECT * FROM jiagongguocheng  jiagongguocheng <where> 1=1 ${ew.sqlSegment}</where>
	</select>
	

	
</mapper>
