<?xml version="1.0" encoding="UTF-8"?>
<!DOCTYPE mapper PUBLIC "-//mybatis.org//DTD Mapper 3.0//EN" "http://mybatis.org/dtd/mybatis-3-mapper.dtd">

<mapper namespace="com.dao.JidixinxiDao">

	<!-- 可根据自己的需求，是否要使用 -->
    <resultMap type="com.entity.JidixinxiEntity" id="jidixinxiMap">
        <result property="jidibianhao" column="jidibianhao"/>
        <result property="jidimingcheng" column="jidimingcheng"/>
        <result property="jidizhaopian" column="jidizhaopian"/>
        <result property="jididizhi" column="jididizhi"/>
        <result property="zhongzhipinzhong" column="zhongzhipinzhong"/>
        <result property="jidimianji" column="jidimianji"/>
        <result property="turangqingkuang" column="turangqingkuang"/>
        <result property="zhongzhishuliang" column="zhongzhishuliang"/>
        <result property="jidijianjie" column="jidijianjie"/>
        <result property="thumbsupnum" column="thumbsupnum"/>
        <result property="crazilynum" column="crazilynum"/>
    </resultMap>

	<select id="selectListVO"
		resultType="com.entity.vo.JidixinxiVO" >
		SELECT * FROM jidixinxi  jidixinxi         
        <where> 1=1 ${ew.sqlSegment}</where>
	</select>
	
	<select id="selectVO"
		resultType="com.entity.vo.JidixinxiVO" >
		SELECT  jidixinxi.* FROM jidixinxi  jidixinxi
 		<where> 1=1 ${ew.sqlSegment}</where>
	</select>

    <select id="selectListView"
		resultType="com.entity.view.JidixinxiView" >

		SELECT  jidixinxi.* FROM jidixinxi  jidixinxi 	        
        <where> 1=1 ${ew.sqlSegment}</where>
	</select>
	
	<select id="selectView"
		resultType="com.entity.view.JidixinxiView" >
		SELECT * FROM jidixinxi  jidixinxi <where> 1=1 ${ew.sqlSegment}</where>
	</select>
	

	
</mapper>
