<?xml version="1.0" encoding="UTF-8"?>
<!DOCTYPE mapper PUBLIC "-//mybatis.org//DTD Mapper 3.0//EN" "http://mybatis.org/dtd/mybatis-3-mapper.dtd">

<mapper namespace="com.dao.KehuxinxiDao">

	<!-- 可根据自己的需求，是否要使用 -->
    <resultMap type="com.entity.KehuxinxiEntity" id="kehuxinxiMap">
        <result property="kehubianhao" column="kehubianhao"/>
        <result property="kehuxingming" column="kehuxingming"/>
        <result property="xingbie" column="xingbie"/>
        <result property="shenfenzheng" column="shenfenzheng"/>
        <result property="lianxidianhua" column="lianxidianhua"/>
        <result property="goumaipinzhong" column="goumaipinzhong"/>
        <result property="goumailiang" column="goumailiang"/>
        <result property="beizhu" column="beizhu"/>
    </resultMap>

	<select id="selectListVO"
		resultType="com.entity.vo.KehuxinxiVO" >
		SELECT * FROM kehuxinxi  kehuxinxi         
        <where> 1=1 ${ew.sqlSegment}</where>
	</select>
	
	<select id="selectVO"
		resultType="com.entity.vo.KehuxinxiVO" >
		SELECT  kehuxinxi.* FROM kehuxinxi  kehuxinxi
 		<where> 1=1 ${ew.sqlSegment}</where>
	</select>

    <select id="selectListView"
		resultType="com.entity.view.KehuxinxiView" >

		SELECT  kehuxinxi.* FROM kehuxinxi  kehuxinxi 	        
        <where> 1=1 ${ew.sqlSegment}</where>
	</select>
	
	<select id="selectView"
		resultType="com.entity.view.KehuxinxiView" >
		SELECT * FROM kehuxinxi  kehuxinxi <where> 1=1 ${ew.sqlSegment}</where>
	</select>
	

	
</mapper>
