<?xml version="1.0" encoding="UTF-8"?>
<!DOCTYPE mapper PUBLIC "-//mybatis.org//DTD Mapper 3.0//EN" "http://mybatis.org/dtd/mybatis-3-mapper.dtd">

<mapper namespace="com.dao.MenuDao">

	<!-- 可根据自己的需求，是否要使用 -->
    <resultMap type="com.entity.MenuEntity" id="menuMap">
        <result property="menujson" column="menujson"/>
    </resultMap>

	<select id="selectListVO"
		resultType="com.entity.vo.MenuVO" >
		SELECT * FROM menu  menu         
        <where> 1=1 ${ew.sqlSegment}</where>
	</select>
	
	<select id="selectVO"
		resultType="com.entity.vo.MenuVO" >
		SELECT  menu.* FROM menu  menu
 		<where> 1=1 ${ew.sqlSegment}</where>
	</select>

    <select id="selectListView"
		resultType="com.entity.view.MenuView" >

		SELECT  menu.* FROM menu  menu 	        
        <where> 1=1 ${ew.sqlSegment}</where>
	</select>
	
	<select id="selectView"
		resultType="com.entity.view.MenuView" >
		SELECT * FROM menu  menu <where> 1=1 ${ew.sqlSegment}</where>
	</select>
	

	
</mapper>
