<?xml version="1.0" encoding="UTF-8"?>
<!DOCTYPE mapper PUBLIC "-//mybatis.org//DTD Mapper 3.0//EN" "http://mybatis.org/dtd/mybatis-3-mapper.dtd">

<mapper namespace="com.dao.NongyaokucunDao">

	<!-- 可根据自己的需求，是否要使用 -->
    <resultMap type="com.entity.NongyaokucunEntity" id="nongyaokucunMap">
        <result property="nongyaobianhao" column="nongyaobianhao"/>
        <result property="nongyaomingcheng" column="nongyaomingcheng"/>
        <result property="nongyaoleibie" column="nongyaoleibie"/>
        <result property="shuliang" column="shuliang"/>
        <result property="nongyaoxiangqing" column="nongyaoxiangqing"/>
        <result property="dengjiriqi" column="dengjiriqi"/>
        <result property="clicktime" column="clicktime"/>
        <result property="clicknum" column="clicknum"/>
    </resultMap>

	<select id="selectListVO"
		resultType="com.entity.vo.NongyaokucunVO" >
		SELECT * FROM nongyaokucun  nongyaokucun         
        <where> 1=1 ${ew.sqlSegment}</where>
	</select>
	
	<select id="selectVO"
		resultType="com.entity.vo.NongyaokucunVO" >
		SELECT  nongyaokucun.* FROM nongyaokucun  nongyaokucun
 		<where> 1=1 ${ew.sqlSegment}</where>
	</select>

    <select id="selectListView"
		resultType="com.entity.view.NongyaokucunView" >

		SELECT  nongyaokucun.* FROM nongyaokucun  nongyaokucun 	        
        <where> 1=1 ${ew.sqlSegment}</where>
	</select>
	
	<select id="selectView"
		resultType="com.entity.view.NongyaokucunView" >
		SELECT * FROM nongyaokucun  nongyaokucun <where> 1=1 ${ew.sqlSegment}</where>
	</select>
	

	
</mapper>
