<?xml version="1.0" encoding="UTF-8"?>
<!DOCTYPE mapper PUBLIC "-//mybatis.org//DTD Mapper 3.0//EN" "http://mybatis.org/dtd/mybatis-3-mapper.dtd">

<mapper namespace="com.dao.WuliaocaigouDao">

	<!-- 可根据自己的需求，是否要使用 -->
    <resultMap type="com.entity.WuliaocaigouEntity" id="wuliaocaigouMap">
        <result property="wuliaobianhao" column="wuliaobianhao"/>
        <result property="wuliaomingcheng" column="wuliaomingcheng"/>
        <result property="wuliaoleixing" column="wuliaoleixing"/>
        <result property="shuliang" column="shuliang"/>
        <result property="wuliaoxiangqing" column="wuliaoxiangqing"/>
        <result property="gonghao" column="gonghao"/>
        <result property="xingming" column="xingming"/>
        <result property="clicktime" column="clicktime"/>
        <result property="clicknum" column="clicknum"/>
    </resultMap>

	<select id="selectListVO"
		resultType="com.entity.vo.WuliaocaigouVO" >
		SELECT * FROM wuliaocaigou  wuliaocaigou         
        <where> 1=1 ${ew.sqlSegment}</where>
	</select>
	
	<select id="selectVO"
		resultType="com.entity.vo.WuliaocaigouVO" >
		SELECT  wuliaocaigou.* FROM wuliaocaigou  wuliaocaigou
 		<where> 1=1 ${ew.sqlSegment}</where>
	</select>

    <select id="selectListView"
		resultType="com.entity.view.WuliaocaigouView" >

		SELECT  wuliaocaigou.* FROM wuliaocaigou  wuliaocaigou 	        
        <where> 1=1 ${ew.sqlSegment}</where>
	</select>
	
	<select id="selectView"
		resultType="com.entity.view.WuliaocaigouView" >
		SELECT * FROM wuliaocaigou  wuliaocaigou <where> 1=1 ${ew.sqlSegment}</where>
	</select>
	

	
</mapper>
