<?xml version="1.0" encoding="UTF-8"?>
<!DOCTYPE mapper PUBLIC "-//mybatis.org//DTD Mapper 3.0//EN" "http://mybatis.org/dtd/mybatis-3-mapper.dtd">

<mapper namespace="com.dao.XinxitongjiDao">

	<!-- 可根据自己的需求，是否要使用 -->
    <resultMap type="com.entity.XinxitongjiEntity" id="xinxitongjiMap">
        <result property="tongjibianhao" column="tongjibianhao"/>
        <result property="jidimingcheng" column="jidimingcheng"/>
        <result property="jidimianji" column="jidimianji"/>
        <result property="zhongzhishuliang" column="zhongzhishuliang"/>
        <result property="dengjiriqi" column="dengjiriqi"/>
        <result property="beizhu" column="beizhu"/>
    </resultMap>

	<select id="selectListVO"
		resultType="com.entity.vo.XinxitongjiVO" >
		SELECT * FROM xinxitongji  xinxitongji         
        <where> 1=1 ${ew.sqlSegment}</where>
	</select>
	
	<select id="selectVO"
		resultType="com.entity.vo.XinxitongjiVO" >
		SELECT  xinxitongji.* FROM xinxitongji  xinxitongji
 		<where> 1=1 ${ew.sqlSegment}</where>
	</select>

    <select id="selectListView"
		resultType="com.entity.view.XinxitongjiView" >

		SELECT  xinxitongji.* FROM xinxitongji  xinxitongji 	        
        <where> 1=1 ${ew.sqlSegment}</where>
	</select>
	
	<select id="selectView"
		resultType="com.entity.view.XinxitongjiView" >
		SELECT * FROM xinxitongji  xinxitongji <where> 1=1 ${ew.sqlSegment}</where>
	</select>
	

	
</mapper>
