<?xml version="1.0" encoding="UTF-8"?>
<!DOCTYPE mapper PUBLIC "-//mybatis.org//DTD Mapper 3.0//EN" "http://mybatis.org/dtd/mybatis-3-mapper.dtd">

<mapper namespace="com.dao.YuanliaoxinxiDao">

	<!-- 可根据自己的需求，是否要使用 -->
    <resultMap type="com.entity.YuanliaoxinxiEntity" id="yuanliaoxinxiMap">
        <result property="yuanliaobianhao" column="yuanliaobianhao"/>
        <result property="kafeidoupinzhong" column="kafeidoupinzhong"/>
        <result property="chanliang" column="chanliang"/>
        <result property="weizhi" column="weizhi"/>
        <result property="dengjiriqi" column="dengjiriqi"/>
        <result property="yuanliaoxiangqing" column="yuanliaoxiangqing"/>
    </resultMap>

	<select id="selectListVO"
		resultType="com.entity.vo.YuanliaoxinxiVO" >
		SELECT * FROM yuanliaoxinxi  yuanliaoxinxi         
        <where> 1=1 ${ew.sqlSegment}</where>
	</select>
	
	<select id="selectVO"
		resultType="com.entity.vo.YuanliaoxinxiVO" >
		SELECT  yuanliaoxinxi.* FROM yuanliaoxinxi  yuanliaoxinxi
 		<where> 1=1 ${ew.sqlSegment}</where>
	</select>

    <select id="selectListView"
		resultType="com.entity.view.YuanliaoxinxiView" >

		SELECT  yuanliaoxinxi.* FROM yuanliaoxinxi  yuanliaoxinxi 	        
        <where> 1=1 ${ew.sqlSegment}</where>
	</select>
	
	<select id="selectView"
		resultType="com.entity.view.YuanliaoxinxiView" >
		SELECT * FROM yuanliaoxinxi  yuanliaoxinxi <where> 1=1 ${ew.sqlSegment}</where>
	</select>
	

	
</mapper>
