<?xml version="1.0" encoding="UTF-8"?>
<!DOCTYPE mapper PUBLIC "-//mybatis.org//DTD Mapper 3.0//EN" "http://mybatis.org/dtd/mybatis-3-mapper.dtd">

<mapper namespace="com.dao.YuanliaokucunDao">

	<!-- 可根据自己的需求，是否要使用 -->
    <resultMap type="com.entity.YuanliaokucunEntity" id="yuanliaokucunMap">
        <result property="yuanliaobianhao" column="yuanliaobianhao"/>
        <result property="yuanliaomingcheng" column="yuanliaomingcheng"/>
        <result property="yuanliaoleibie" column="yuanliaoleibie"/>
        <result property="shuliang" column="shuliang"/>
        <result property="yuanliaoxiangqing" column="yuanliaoxiangqing"/>
        <result property="dengjiriqi" column="dengjiriqi"/>
        <result property="clicktime" column="clicktime"/>
        <result property="clicknum" column="clicknum"/>
    </resultMap>

	<select id="selectListVO"
		resultType="com.entity.vo.YuanliaokucunVO" >
		SELECT * FROM yuanliaokucun  yuanliaokucun         
        <where> 1=1 ${ew.sqlSegment}</where>
	</select>
	
	<select id="selectVO"
		resultType="com.entity.vo.YuanliaokucunVO" >
		SELECT  yuanliaokucun.* FROM yuanliaokucun  yuanliaokucun
 		<where> 1=1 ${ew.sqlSegment}</where>
	</select>

    <select id="selectListView"
		resultType="com.entity.view.YuanliaokucunView" >

		SELECT  yuanliaokucun.* FROM yuanliaokucun  yuanliaokucun 	        
        <where> 1=1 ${ew.sqlSegment}</where>
	</select>
	
	<select id="selectView"
		resultType="com.entity.view.YuanliaokucunView" >
		SELECT * FROM yuanliaokucun  yuanliaokucun <where> 1=1 ${ew.sqlSegment}</where>
	</select>
	

	
</mapper>
