<?xml version="1.0" encoding="UTF-8"?>
<!DOCTYPE mapper PUBLIC "-//mybatis.org//DTD Mapper 3.0//EN" "http://mybatis.org/dtd/mybatis-3-mapper.dtd">

<mapper namespace="com.dao.YuanliaoxiaoliangDao">

	<!-- 可根据自己的需求，是否要使用 -->
    <resultMap type="com.entity.YuanliaoxiaoliangEntity" id="yuanliaoxiaoliangMap">
        <result property="tongjibianhao" column="tongjibianhao"/>
        <result property="yuanliaomingcheng" column="yuanliaomingcheng"/>
        <result property="yuanliaoxiaoliang" column="yuanliaoxiaoliang"/>
        <result property="dengjiriqi" column="dengjiriqi"/>
        <result property="beizhu" column="beizhu"/>
    </resultMap>

	<select id="selectListVO"
		resultType="com.entity.vo.YuanliaoxiaoliangVO" >
		SELECT * FROM yuanliaoxiaoliang  yuanliaoxiaoliang         
        <where> 1=1 ${ew.sqlSegment}</where>
	</select>
	
	<select id="selectVO"
		resultType="com.entity.vo.YuanliaoxiaoliangVO" >
		SELECT  yuanliaoxiaoliang.* FROM yuanliaoxiaoliang  yuanliaoxiaoliang
 		<where> 1=1 ${ew.sqlSegment}</where>
	</select>

    <select id="selectListView"
		resultType="com.entity.view.YuanliaoxiaoliangView" >

		SELECT  yuanliaoxiaoliang.* FROM yuanliaoxiaoliang  yuanliaoxiaoliang 	        
        <where> 1=1 ${ew.sqlSegment}</where>
	</select>
	
	<select id="selectView"
		resultType="com.entity.view.YuanliaoxiaoliangView" >
		SELECT * FROM yuanliaoxiaoliang  yuanliaoxiaoliang <where> 1=1 ${ew.sqlSegment}</where>
	</select>
	

	
</mapper>
