<?xml version="1.0" encoding="UTF-8"?>
<!DOCTYPE mapper PUBLIC "-//mybatis.org//DTD Mapper 3.0//EN" "http://mybatis.org/dtd/mybatis-3-mapper.dtd">

<mapper namespace="com.dao.ZhichutongjiDao">

	<!-- 可根据自己的需求，是否要使用 -->
    <resultMap type="com.entity.ZhichutongjiEntity" id="zhichutongjiMap">
        <result property="tongjibianhao" column="tongjibianhao"/>
        <result property="wuliaozhichu" column="wuliaozhichu"/>
        <result property="renlizhichu" column="renlizhichu"/>
        <result property="tudizulin" column="tudizulin"/>
        <result property="chanpinjiagong" column="chanpinjiagong"/>
        <result property="qitazhichu" column="qitazhichu"/>
        <result property="zongzhichu" column="zongzhichu"/>
        <result property="dengjiriqi" column="dengjiriqi"/>
        <result property="beizhu" column="beizhu"/>
    </resultMap>

	<select id="selectListVO"
		resultType="com.entity.vo.ZhichutongjiVO" >
		SELECT * FROM zhichutongji  zhichutongji         
        <where> 1=1 ${ew.sqlSegment}</where>
	</select>
	
	<select id="selectVO"
		resultType="com.entity.vo.ZhichutongjiVO" >
		SELECT  zhichutongji.* FROM zhichutongji  zhichutongji
 		<where> 1=1 ${ew.sqlSegment}</where>
	</select>

    <select id="selectListView"
		resultType="com.entity.view.ZhichutongjiView" >

		SELECT  zhichutongji.* FROM zhichutongji  zhichutongji 	        
        <where> 1=1 ${ew.sqlSegment}</where>
	</select>
	
	<select id="selectView"
		resultType="com.entity.view.ZhichutongjiView" >
		SELECT * FROM zhichutongji  zhichutongji <where> 1=1 ${ew.sqlSegment}</where>
	</select>
	

    <select id="selectValue" resultType="map" >
        SELECT ${params.xColumn}, sum(${params.yColumn}) total FROM zhichutongji
        <where> 1=1 ${ew.sqlSegment}</where>
        group by ${params.xColumn}
    </select>

    <select id="selectTimeStatValue" resultType="map" >
        <if test = 'params.timeStatType == "日"'>
                SELECT DATE_FORMAT(${params.xColumn},'%Y-%m-%d') ${params.xColumn}, sum(${params.yColumn}) total FROM zhichutongji
                <where> 1=1 ${ew.sqlSegment}</where>
                group by DATE_FORMAT(${params.xColumn},'%Y-%m-%d')
        </if>
        <if test = 'params.timeStatType == "月"'>
                SELECT DATE_FORMAT(${params.xColumn},'%Y-%m') ${params.xColumn}, sum(${params.yColumn}) total FROM zhichutongji
                <where> 1=1 ${ew.sqlSegment}</where>
                group by DATE_FORMAT(${params.xColumn},'%Y-%m')
        </if>
        <if test = 'params.timeStatType == "年"'>
                SELECT DATE_FORMAT(${params.xColumn},'%Y') ${params.xColumn}, sum(${params.yColumn}) total FROM zhichutongji
                <where> 1=1 ${ew.sqlSegment}</where>
                group by DATE_FORMAT(${params.xColumn},'%Y')
        </if>
    </select>
   
    <select id="selectGroup" resultType="map" >
        SELECT ${params.column} , count(1) total FROM zhichutongji  
        <where> 1=1 ${ew.sqlSegment}</where>
        group by ${params.column}
    </select>
	
</mapper>
