<?xml version="1.0" encoding="UTF-8"?>
<!DOCTYPE mapper PUBLIC "-//mybatis.org//DTD Mapper 3.0//EN" "http://mybatis.org/dtd/mybatis-3-mapper.dtd">

<mapper namespace="com.dao.ZhongzhifanganDao">

	<!-- 可根据自己的需求，是否要使用 -->
    <resultMap type="com.entity.ZhongzhifanganEntity" id="zhongzhifanganMap">
        <result property="fanganbiaoti" column="fanganbiaoti"/>
        <result property="shiyongpinzhong" column="shiyongpinzhong"/>
        <result property="fabushijian" column="fabushijian"/>
        <result property="fengmian" column="fengmian"/>
        <result property="fanganneirong" column="fanganneirong"/>
        <result property="clicktime" column="clicktime"/>
        <result property="clicknum" column="clicknum"/>
    </resultMap>

	<select id="selectListVO"
		resultType="com.entity.vo.ZhongzhifanganVO" >
		SELECT * FROM zhongzhifangan  zhongzhifangan         
        <where> 1=1 ${ew.sqlSegment}</where>
	</select>
	
	<select id="selectVO"
		resultType="com.entity.vo.ZhongzhifanganVO" >
		SELECT  zhongzhifangan.* FROM zhongzhifangan  zhongzhifangan
 		<where> 1=1 ${ew.sqlSegment}</where>
	</select>

    <select id="selectListView"
		resultType="com.entity.view.ZhongzhifanganView" >

		SELECT  zhongzhifangan.* FROM zhongzhifangan  zhongzhifangan 	        
        <where> 1=1 ${ew.sqlSegment}</where>
	</select>
	
	<select id="selectView"
		resultType="com.entity.view.ZhongzhifanganView" >
		SELECT * FROM zhongzhifangan  zhongzhifangan <where> 1=1 ${ew.sqlSegment}</where>
	</select>
	

	
</mapper>
