<?xml version="1.0" encoding="UTF-8"?>
<!DOCTYPE mapper PUBLIC "-//mybatis.org//DTD Mapper 3.0//EN" "http://mybatis.org/dtd/mybatis-3-mapper.dtd">

<mapper namespace="com.dao.ZhongzhishujuDao">

	<!-- 可根据自己的需求，是否要使用 -->
    <resultMap type="com.entity.ZhongzhishujuEntity" id="zhongzhishujuMap">
        <result property="dengjibianhao" column="dengjibianhao"/>
        <result property="zhongzhipinzhong" column="zhongzhipinzhong"/>
        <result property="turangshidu" column="turangshidu"/>
        <result property="turangsuanjiandu" column="turangsuanjiandu"/>
        <result property="turangwendu" column="turangwendu"/>
        <result property="turangdaodianlv" column="turangdaodianlv"/>
        <result property="guangzhaoqiangdu" column="guangzhaoqiangdu"/>
        <result property="dengjiriqi" column="dengjiriqi"/>
        <result property="beizhu" column="beizhu"/>
        <result property="gonghao" column="gonghao"/>
        <result property="xingming" column="xingming"/>
    </resultMap>

	<select id="selectListVO"
		resultType="com.entity.vo.ZhongzhishujuVO" >
		SELECT * FROM zhongzhishuju  zhongzhishuju         
        <where> 1=1 ${ew.sqlSegment}</where>
	</select>
	
	<select id="selectVO"
		resultType="com.entity.vo.ZhongzhishujuVO" >
		SELECT  zhongzhishuju.* FROM zhongzhishuju  zhongzhishuju
 		<where> 1=1 ${ew.sqlSegment}</where>
	</select>

    <select id="selectListView"
		resultType="com.entity.view.ZhongzhishujuView" >

		SELECT  zhongzhishuju.* FROM zhongzhishuju  zhongzhishuju 	        
        <where> 1=1 ${ew.sqlSegment}</where>
	</select>
	
	<select id="selectView"
		resultType="com.entity.view.ZhongzhishujuView" >
		SELECT * FROM zhongzhishuju  zhongzhishuju <where> 1=1 ${ew.sqlSegment}</where>
	</select>
	

	
</mapper>
