<?xml version="1.0" encoding="UTF-8"?>
<!DOCTYPE mapper PUBLIC "-//mybatis.org//DTD Mapper 3.0//EN" "http://mybatis.org/dtd/mybatis-3-mapper.dtd">

<mapper namespace="com.dao.ZhongzhiguochengDao">

	<!-- 可根据自己的需求，是否要使用 -->
    <resultMap type="com.entity.ZhongzhiguochengEntity" id="zhongzhiguochengMap">
        <result property="dengjibianhao" column="dengjibianhao"/>
        <result property="zhongzhipinzhong" column="zhongzhipinzhong"/>
        <result property="zhongzhishuliang" column="zhongzhishuliang"/>
        <result property="zhongzhifangshi" column="zhongzhifangshi"/>
        <result property="shipin" column="shipin"/>
        <result property="dengjiriqi" column="dengjiriqi"/>
        <result property="beizhu" column="beizhu"/>
        <result property="gonghao" column="gonghao"/>
        <result property="xingming" column="xingming"/>
    </resultMap>

	<select id="selectListVO"
		resultType="com.entity.vo.ZhongzhiguochengVO" >
		SELECT * FROM zhongzhiguocheng  zhongzhiguocheng         
        <where> 1=1 ${ew.sqlSegment}</where>
	</select>
	
	<select id="selectVO"
		resultType="com.entity.vo.ZhongzhiguochengVO" >
		SELECT  zhongzhiguocheng.* FROM zhongzhiguocheng  zhongzhiguocheng
 		<where> 1=1 ${ew.sqlSegment}</where>
	</select>

    <select id="selectListView"
		resultType="com.entity.view.ZhongzhiguochengView" >

		SELECT  zhongzhiguocheng.* FROM zhongzhiguocheng  zhongzhiguocheng 	        
        <where> 1=1 ${ew.sqlSegment}</where>
	</select>
	
	<select id="selectView"
		resultType="com.entity.view.ZhongzhiguochengView" >
		SELECT * FROM zhongzhiguocheng  zhongzhiguocheng <where> 1=1 ${ew.sqlSegment}</where>
	</select>
	

	
</mapper>
